<?xml version="1.0" encoding="UTF-8"?>
<!-- 
 * (C) Copyright IBM Corporation 2015.
 *
 * Licensed under the Apache License, Version 2.0 (the "License");
 * you may not use this file except in compliance with the License.
 * You may obtain a copy of the License at
 *
 * http://www.apache.org/licenses/LICENSE-2.0
 *
 * Unless required by applicable law or agreed to in writing, software
 * distributed under the License is distributed on an "AS IS" BASIS,
 * WITHOUT WARRANTIES OR CONDITIONS OF ANY KIND, either express or implied.
 * See the License for the specific language governing permissions and
 * limitations under the License.
-->
<faces-config xmlns="http://xmlns.jcp.org/xml/ns/javaee"
              xmlns:xsi="http://www.w3.org/2001/XMLSchema-instance"
              xsi:schemaLocation="http://xmlns.jcp.org/xml/ns/javaee http://xmlns.jcp.org/xml/ns/javaee/web-facesconfig_2_2.xsd"
              version="2.2">
     <navigation-rule>
      <from-view-id>/welcome.xhtml</from-view-id>
        <navigation-case>
            <from-outcome>Ready to Trade</from-outcome>
            <to-view-id>/tradehome.xhtml</to-view-id>
        </navigation-case>
        <navigation-case>
            <from-outcome>welcome</from-outcome>
            <to-view-id>/welcome.xhtml</to-view-id>
        </navigation-case>         
    </navigation-rule> 
    <navigation-rule>
        <from-view-id>/register.xhtml</from-view-id>
        <navigation-case>
            <from-outcome>Registration operation succeeded</from-outcome>
            <to-view-id>/tradehome.xhtml</to-view-id>
        </navigation-case>
        <navigation-case>
            <from-outcome>Registration operation failed</from-outcome>
            <to-view-id>/register.xhtml</to-view-id>
        </navigation-case>        
    </navigation-rule>  
    <navigation-rule>
        <from-view-id>/tradehome.xhtml</from-view-id>
        <navigation-case>
            <from-outcome>quotes</from-outcome>
            <to-view-id>/quote.xhtml</to-view-id>
        </navigation-case>
        <navigation-case>
            <from-outcome>Registration operation failed</from-outcome>
            <to-view-id>/register.xhtml</to-view-id>
        </navigation-case>        
    </navigation-rule>
     <navigation-rule>
        <from-view-id>/account.xhtml</from-view-id>        
       <navigation-case>
            <from-outcome>quotes</from-outcome>
            <to-view-id>/quote.xhtml</to-view-id>
        </navigation-case>  
       <navigation-case>
            <from-outcome>Go to account</from-outcome>
            <to-view-id>/account.xhtml</to-view-id>
        </navigation-case> 
        <navigation-case>
            <from-outcome>welcome</from-outcome>
            <to-view-id>/welcome.xhtml</to-view-id>
        </navigation-case>                
    </navigation-rule> 
    <navigation-rule>
        <from-view-id>/portfolio.xhtml</from-view-id>       
        <navigation-case>
            <from-outcome>quotes</from-outcome>
            <to-view-id>/quote.xhtml</to-view-id>
        </navigation-case>
        <navigation-case>
            <from-outcome>sell</from-outcome>
            <to-view-id>/order.xhtml</to-view-id>
        </navigation-case>          
    </navigation-rule>
    <navigation-rule>
        <from-view-id>/marketSummary.xhtml</from-view-id>       
        <navigation-case>
            <from-outcome>quotes</from-outcome>
            <to-view-id>/quote.xhtml</to-view-id>
        </navigation-case>    
    </navigation-rule>            
    <navigation-rule>
        <from-view-id>/configure.xhtml</from-view-id>
        <navigation-case>
            <from-outcome>welcome</from-outcome>
            <to-view-id>/welcome.xhtml</to-view-id>
        </navigation-case>
        <navigation-case>
            <from-outcome>config</from-outcome>
            <to-view-id>/config.xhtml</to-view-id>
        </navigation-case>
        <navigation-case>
            <from-outcome>database</from-outcome>
            <to-view-id>/configure.xhtml</to-view-id>
        </navigation-case>
        <navigation-case>
            <from-outcome>stats</from-outcome>
            <to-view-id>/configure.xhtml</to-view-id>
        </navigation-case>
    </navigation-rule>
    <navigation-rule>
        <from-view-id>/order.xhtml</from-view-id>        
       <navigation-case>
            <from-outcome>quotes</from-outcome>
            <to-view-id>/quote.xhtml</to-view-id>
        </navigation-case>             
    </navigation-rule>
    <navigation-rule>
        <from-view-id>/quote.xhtml</from-view-id>        
       <navigation-case>
            <from-outcome>buy</from-outcome>
            <to-view-id>/order.xhtml</to-view-id>
        </navigation-case>             
    </navigation-rule>
</faces-config>
