<?xml version="1.0" encoding="UTF-8"?>
<!-- 
 * (C) Copyright IBM Corporation 2015.
 *
 * Licensed under the Apache License, Version 2.0 (the "License");
 * you may not use this file except in compliance with the License.
 * You may obtain a copy of the License at
 *
 * http://www.apache.org/licenses/LICENSE-2.0
 *
 * Unless required by applicable law or agreed to in writing, software
 * distributed under the License is distributed on an "AS IS" BASIS,
 * WITHOUT WARRANTIES OR CONDITIONS OF ANY KIND, either express or implied.
 * See the License for the specific language governing permissions and
 * limitations under the License.
-->
<web-bnd xmlns:xsi="http://www.w3.org/2001/XMLSchema-instance" xmlns="http://websphere.ibm.com/xml/ns/javaee"
    xsi:schemaLocation="http://websphere.ibm.com/xml/ns/javaee http://websphere.ibm.com/xml/ns/javaee/ibm-web-bnd_1_0.xsd" version="1.0">
  <virtual-host name="default_host"/>
  <resource-ref name="jdbc/TradeDataSource" binding-name="jdbc/TradeDataSource">
    <authentication-alias name="TradeDataSourceAuthData"/>
  </resource-ref>
  <resource-ref name="jms/QueueConnectionFactory" binding-name="jms/TradeBrokerQCF"/>
  <resource-ref name="jms/TopicConnectionFactory" binding-name="jms/TradeStreamerTCF"/>
  <message-destination-ref binding-name="jms/TradeBrokerQueue" name="jms/TradeBrokerQueue"/>
  <message-destination-ref binding-name="jms/TradeStreamerTopic" name="jms/TradeStreamerTopic"/>
</web-bnd>

